[{"model": "blog.blogpagetag", "pk": 3, "fields": {"tag": 4, "content_object": 6}}, {"model": "blog.blogpagetag", "pk": 4, "fields": {"tag": 5, "content_object": 6}}, {"model": "blog.blogpagetag", "pk": 5, "fields": {"tag": 6, "content_object": 6}}, {"model": "blog.blogpagetag", "pk": 6, "fields": {"tag": 2, "content_object": 7}}, {"model": "blog.blogpagetag", "pk": 7, "fields": {"tag": 3, "content_object": 7}}, {"model": "blog.blogpagetag", "pk": 19, "fields": {"tag": 8, "content_object": 11}}, {"model": "blog.blogpagetag", "pk": 20, "fields": {"tag": 7, "content_object": 11}}, {"model": "blog.blogpagegalleryimage", "pk": 1, "fields": {"sort_order": 0, "page": 7, "image": 1, "caption": ""}}, {"model": "blog.blogpagegalleryimage", "pk": 2, "fields": {"sort_order": 0, "page": 11, "image": 2, "caption": "Ouropolous, not too far from Thessaloniki"}}, {"model": "blog.blogpagegalleryimage", "pk": 3, "fields": {"sort_order": 1, "page": 11, "image": 5, "caption": ""}}, {"model": "blog.blogcategory", "pk": 1, "fields": {"name": "Philosophy", "icon": null}}, {"model": "blog.blogcategory", "pk": 2, "fields": {"name": "Mathematics", "icon": null}}, {"model": "blog.blogcategory", "pk": 3, "fields": {"name": "Christianity", "icon": null}}, {"model": "subscribers.subscriber", "pk": 1, "fields": {"email": "contour.integral@protonmail.com", "full_name": "Subscriber Doe", "nickname": "Bredowan", "show_nickname": false}}, {"model": "users.bloguser", "pk": 1, "fields": {"email": "contour.integral@protonmail.com", "full_name": "Fregat Yeldaffishne", "nickname": "Contour", "show_nickname": true}}, {"model": "hitcount.hitcount", "pk": 1, "fields": {"hits": 1, "modified": "2022-07-07T11:37:20.186Z", "content_type": ["blog", "blogpage"], "object_pk": 11}}, {"model": "hitcount.hitcount", "pk": 2, "fields": {"hits": 1, "modified": "2022-07-07T13:40:41.458Z", "content_type": ["blog", "blogpage"], "object_pk": 7}}, {"model": "sites.site", "pk": 1, "fields": {"domain": "localhost:8000", "name": "Reflets Blog, The"}}, {"model": "wagtailimages.rendition", "pk": 1, "fields": {"filter_spec": "max-800x600", "file": "images/ubuntu_logo2.max-800x600.jpg", "width": 600, "height": 600, "focal_point_key": "", "image": 1}}, {"model": "wagtailimages.rendition", "pk": 2, "fields": {"filter_spec": "width-500", "file": "images/ubuntu_logo2.width-500.jpg", "width": 500, "height": 499, "focal_point_key": "", "image": 1}}, {"model": "wagtailimages.rendition", "pk": 3, "fields": {"filter_spec": "max-165x165", "file": "images/ubuntu_logo2.max-165x165.jpg", "width": 165, "height": 165, "focal_point_key": "", "image": 1}}, {"model": "wagtailimages.rendition", "pk": 4, "fields": {"filter_spec": "fill-320x240", "file": "images/ubuntu_logo2.2e16d0ba.fill-320x240.jpg", "width": 320, "height": 240, "focal_point_key": "2e16d0ba", "image": 1}}, {"model": "wagtailimages.rendition", "pk": 5, "fields": {"filter_spec": "fill-160x100", "file": "images/ubuntu_logo2.2e16d0ba.fill-160x100.jpg", "width": 160, "height": 100, "focal_point_key": "2e16d0ba", "image": 1}}, {"model": "wagtailimages.rendition", "pk": 6, "fields": {"filter_spec": "fill-280x190", "file": "images/ubuntu_logo2.2e16d0ba.fill-280x190.jpg", "width": 280, "height": 190, "focal_point_key": "2e16d0ba", "image": 1}}, {"model": "wagtailimages.rendition", "pk": 7, "fields": {"filter_spec": "max-280x190", "file": "images/ubuntu_logo2.max-280x190.jpg", "width": 190, "height": 190, "focal_point_key": "", "image": 1}}, {"model": "wagtailimages.rendition", "pk": 8, "fields": {"filter_spec": "max-320x240", "file": "images/ubuntu_logo2.max-320x240.jpg", "width": 240, "height": 240, "focal_point_key": "", "image": 1}}, {"model": "wagtailimages.rendition", "pk": 9, "fields": {"filter_spec": "max-165x165", "file": "images/IMG_20210730_140921.max-165x165.jpg", "width": 165, "height": 123, "focal_point_key": "", "image": 2}}, {"model": "wagtailimages.rendition", "pk": 10, "fields": {"filter_spec": "max-280x190", "file": "images/IMG_20210730_140921.max-280x190.jpg", "width": 253, "height": 190, "focal_point_key": "", "image": 2}}, {"model": "wagtailimages.rendition", "pk": 11, "fields": {"filter_spec": "max-320x240", "file": "images/IMG_20210730_140921.max-320x240.jpg", "width": 320, "height": 240, "focal_point_key": "", "image": 2}}, {"model": "wagtailimages.rendition", "pk": 12, "fields": {"filter_spec": "max-800x600", "file": "images/IMG_20210730_140936.max-800x600.jpg", "width": 800, "height": 600, "focal_point_key": "", "image": 3}}, {"model": "wagtailimages.rendition", "pk": 13, "fields": {"filter_spec": "width-500", "file": "images/IMG_20210730_140936.width-500.jpg", "width": 500, "height": 375, "focal_point_key": "", "image": 3}}, {"model": "wagtailimages.rendition", "pk": 14, "fields": {"filter_spec": "max-165x165", "file": "images/IMG_20210730_140936.max-165x165.jpg", "width": 165, "height": 123, "focal_point_key": "", "image": 3}}, {"model": "wagtailimages.rendition", "pk": 15, "fields": {"filter_spec": "max-800x600", "file": "images/postcard2.max-800x600.jpg", "width": 800, "height": 531, "focal_point_key": "", "image": 4}}, {"model": "wagtailimages.rendition", "pk": 16, "fields": {"filter_spec": "width-800", "file": "images/postcard2.width-800.jpg", "width": 800, "height": 531, "focal_point_key": "", "image": 4}}, {"model": "wagtailimages.rendition", "pk": 17, "fields": {"filter_spec": "width-500", "file": "images/postcard2.width-500.jpg", "width": 500, "height": 332, "focal_point_key": "", "image": 4}}, {"model": "wagtailimages.rendition", "pk": 18, "fields": {"filter_spec": "max-165x165", "file": "images/postcard2.max-165x165.jpg", "width": 165, "height": 109, "focal_point_key": "", "image": 4}}, {"model": "wagtailimages.rendition", "pk": 19, "fields": {"filter_spec": "max-165x165", "file": "images/postcard6.max-165x165.jpg", "width": 165, "height": 112, "focal_point_key": "", "image": 5}}, {"model": "wagtailimages.rendition", "pk": 20, "fields": {"filter_spec": "max-320x240", "file": "images/postcard6.max-320x240.jpg", "width": 320, "height": 218, "focal_point_key": "", "image": 5}}, {"model": "wagtailimages.rendition", "pk": 21, "fields": {"filter_spec": "original", "file": "images/IMG_20210730_140921.original.jpg", "width": 4096, "height": 3072, "focal_point_key": "", "image": 2}}, {"model": "wagtailimages.rendition", "pk": 22, "fields": {"filter_spec": "max-800x600", "file": "images/IMG_20210730_140921.max-800x600.jpg", "width": 800, "height": 600, "focal_point_key": "", "image": 2}}, {"model": "taggit.tag", "pk": 1, "fields": {"name": "Tranquil reddish sunset and a lighthouse", "slug": "tranquil-reddish-sunset-and-a-lighthouse"}}, {"model": "taggit.tag", "pk": 2, "fields": {"name": "bird", "slug": "bird"}}, {"model": "taggit.tag", "pk": 3, "fields": {"name": "bicycle", "slug": "bicycle"}}, {"model": "taggit.tag", "pk": 4, "fields": {"name": "birds", "slug": "birds"}}, {"model": "taggit.tag", "pk": 5, "fields": {"name": "bestow", "slug": "bestow"}}, {"model": "taggit.tag", "pk": 6, "fields": {"name": "greenback", "slug": "greenback"}}, {"model": "taggit.tag", "pk": 7, "fields": {"name": "user", "slug": "user"}}, {"model": "taggit.tag", "pk": 8, "fields": {"name": "abuser", "slug": "abuser"}}, {"model": "taggit.tag", "pk": 9, "fields": {"name": "user abuser", "slug": "user-abuser"}}, {"model": "taggit.tag", "pk": 10, "fields": {"name": "Ouropoulos", "slug": "ouropoulos"}}, {"model": "taggit.taggeditem", "pk": 1, "fields": {"tag": 1, "content_type": ["wagtailimages", "image"], "object_id": 1}}, {"model": "taggit.taggeditem", "pk": 2, "fields": {"tag": 10, "content_type": ["wagtailimages", "image"], "object_id": 2}}, {"model": "auth.group", "pk": 1, "fields": {"name": "Moderators", "permissions": [["access_admin", "wagtailadmin", "admin"], ["add_document", "wagtaildocs", "document"], ["change_document", "wagtaildocs", "document"], ["choose_document", "wagtaildocs", "document"], ["delete_document", "wagtaildocs", "document"], ["add_image", "wagtailimages", "image"], ["change_image", "wagtailimages", "image"], ["choose_image", "wagtailimages", "image"], ["delete_image", "wagtailimages", "image"]]}}, {"model": "auth.group", "pk": 2, "fields": {"name": "Editors", "permissions": [["access_admin", "wagtailadmin", "admin"], ["add_document", "wagtaildocs", "document"], ["change_document", "wagtaildocs", "document"], ["choose_document", "wagtaildocs", "document"], ["delete_document", "wagtaildocs", "document"], ["add_image", "wagtailimages", "image"], ["change_image", "wagtailimages", "image"], ["choose_image", "wagtailimages", "image"], ["delete_image", "wagtailimages", "image"]]}}, {"model": "auth.user", "pk": 1, "fields": {"password": "pbkdf2_sha256$320000$sGchPl0QyKRQSWyo1VsnMO$sOfbZt+y4PCSFtLy8NAxskMH9rdc/7AlFob3O9bB85s=", "last_login": "2022-07-03T02:49:48.314Z", "is_superuser": true, "username": "admin", "first_name": "Kreppo", "last_name": "Aldrew", "email": "krepow@skandel.com", "is_staff": true, "is_active": true, "date_joined": "2022-06-09T16:05:16.529Z", "groups": [], "user_permissions": []}}, {"model": "auth.user", "pk": 2, "fields": {"password": "pbkdf2_sha256$320000$WfxNrZEkxNDvAWqHUfRHQ0$y65IpI4qvcqMPDC9KIhDHWzxg5vUw5ZdE5DNKUqeUYI=", "last_login": null, "is_superuser": false, "username": "krepowl", "first_name": "", "last_name": "", "email": "krepw@hotmd.com", "is_staff": false, "is_active": true, "date_joined": "2022-06-26T15:21:47.511Z", "groups": [], "user_permissions": []}}, {"model": "auth.user", "pk": 3, "fields": {"password": "pbkdf2_sha256$320000$QwO1Fr2GoYW7oFWm0oxoVg$Hrp9SZ1It2rful3nTEXToHyJG7MjrmcCFm9w7km8FpQ=", "last_login": null, "is_superuser": false, "username": "krepowld", "first_name": "", "last_name": "", "email": "krepww@hotmd.com", "is_staff": false, "is_active": true, "date_joined": "2022-06-26T15:23:07.041Z", "groups": [], "user_permissions": []}}, {"model": "auth.user", "pk": 4, "fields": {"password": "pbkdf2_sha256$320000$1wxmg4amxoRQmp13fnQZwD$EtljLm8tuLy+PaqwUIbcm37VN5NfpPHwE6zdbs+wwqg=", "last_login": null, "is_superuser": false, "username": "krepowldw", "first_name": "", "last_name": "", "email": "krepwww@hotmd.com", "is_staff": false, "is_active": true, "date_joined": "2022-06-26T15:24:48.307Z", "groups": [], "user_permissions": []}}, {"model": "sessions.session", "pk": "2n8q358sfz5km96ybwq5mcph515kjyep", "fields": {"session_data": ".eJzNUtuO2jAU_JdI8BKIciE3pDxwKd1IDSyXbqmqKnLiE2IIcTZ2gKjqv9dpEMu29L2SZR3PzBl5dM4PKUQVT8OKQRkSLA0lTerdYxGKD5A3BN6jfEeVmOa8JJHSSJQry5SAYsjGV-07gxSxVHRHzsCwE1OzwQUNsBOrrmvqrgW2OVAhUlUDIsOxVNu1HMuwtYGRRImlunpsqY7uWI0pA8YIzUO4FKSspaHak85oxxHJ-kUJJwLnviENv0kxK5MjwTiDMyqBU_EpL_34hNXpzNeW8cte2w926wCO9aqKyVdjS_zXsb9a7tdcP1lL9sxeghIFabJw0aQwPzxvZ6ybw4V7XU54Bt4TPUI3orj2Ova4o-tRRuMDE0XHGHXMcQseoL4iuo6SS0aalz4RNxdWN-oLZLGwkzmVeQryCpIMOJOF5a6ja289dQG3nipnvM4A31gMBU9bWm0Rkmckh3UjW4m5wd3vzGkrgVykqf_FYsTRFRVx7GlzBPFXNDt9teLH0SYppQxk1sRjvEoSOYUSZJRjuQSEZZorivJ_JXzfGaDiD0GXZdXOS5v5M6Bhuw6iRGWchhhYXJKCix31ujsaZuQEIRJb83th21LM-ijMWX-z2Iw-hbPFKlh76hvsz_2N_4gI_Hk4_xw8IEbbO0LqaZY5sF1dUzVFlIajf__5C1kxMME:1nzL1B:51oIz9zUrCzJl08j6UFjJKYVa-dGZjDmjDWYdqDd19k", "expire_date": "2022-06-23T16:28:21.175Z"}}, {"model": "sessions.session", "pk": "7yc8t3j602isnwtmxq227y1yygbifpyp", "fields": {"session_data": ".eJxVjUsOgyAQQO_C2pgBlI-79iIEcIikFBvRpk3Tu1eNaeJy3pt58yHW-3HJs3niFEPE3uDdxkS6vKRU_e1ScCIdaUhFjF3mYQcm9iujZ-asv2HehE1pw_XRqPedQ5f6sk6Y5-jtHMd8Pa5OqcGWYe041XAZWipRI8VeedC6ZVqgbBtAB8DRcSVAaqEEl7ThwQUBmnkBiimxRQuWsr4x-HrE6U06ykALgO8PGn9U6w:1o5UBg:14X8gB6HwR3H7lW-UNNsfBfhEnLCY9CRYfXC6PWiNN8", "expire_date": "2022-07-10T15:28:36.983Z"}}, {"model": "sessions.session", "pk": "cc0t0zaz719y7i44lkuhn9tczpqu3wcp", "fields": {"session_data": ".eJxVjMsOwiAQRf-FtSEDtAN06d5vIDymFjVgSptojP-uTbrQ7T3nnhdzfl0mtzaaXU5sYIIdfrfg45XKBtLFl3PlsZZlzoFvCt9p46ea6Hbc3b_A5Nv0fQfTKT32QpMlQclEsLaXFkn3HVAAUBSUQdAWDSotOjWGEcHKiGCkwS3aqLVci6PHPc9PNggJFgHeH8EDPuQ:1o2L0V:j3DeIDR4pUM1r_kDILkEM4Sd4eGgM_SC74tFPbG2rJQ", "expire_date": "2022-07-01T23:04:03.980Z"}}, {"model": "sessions.session", "pk": "os03mrjuzxzuerg5m884d8ri0otgroda", "fields": {"session_data": ".eJxVjU0OwiAQhe_C2jQDtAPTnV6EAJ2mxIYaoYnGeHdb04Uu39_3XsL5tU5uLXx3aRC9kOL06wUfr5z3wM_zbjc-xmXNtfl2jrg0501xrin6mpZ8OVZ_qMmXaeME22ozdtIwseTBRiDqFCGbrgUOAJqDtgiG0KI2stVjGBFIRQSrLO7QwqVsN44ft3R_il4qIAR4fwAM1kNY:1o6uwM:uqujw8PxVGehl-oDhOvpw49ZRGP7k-pfy57vGntFo6E", "expire_date": "2022-07-14T14:14:42.223Z"}}, {"model": "sessions.session", "pk": "yfn284ccnx9lqcttoa6clgpv4dnmcawu", "fields": {"session_data": ".eJxVjMsOwiAQRf-FtSEDtAN06d5vIDymFjVgSptojP-uTbrQ7T3nnhdzfl0mtzaaXU5sYIIdfrfg45XKBtLFl3PlsZZlzoFvCt9p46ea6Hbc3b_A5Nv0fQfTKT32QpMlQclEsLaXFkn3HVAAUBSUQdAWDSotOjWGEcHKiGCkwS3aqLVci6PHPc9PNggJFgHeH8EDPuQ:1o2jIV:97E5sPtWgyZLUjVUSGa_AOA7rzQf708qSVo9IxIRaKE", "expire_date": "2022-07-03T01:00:15.208Z"}}, {"model": "account.emailaddress", "pk": 1, "fields": {"user": ["admin"], "email": "krepow@skandel.com", "verified": true, "primary": true}}, {"model": "account.emailaddress", "pk": 2, "fields": {"user": ["krepowl"], "email": "krepw@hotmd.com", "verified": false, "primary": true}}, {"model": "account.emailaddress", "pk": 3, "fields": {"user": ["krepowld"], "email": "krepww@hotmd.com", "verified": false, "primary": true}}, {"model": "account.emailaddress", "pk": 4, "fields": {"user": ["krepowldw"], "email": "krepwww@hotmd.com", "verified": false, "primary": true}}, {"model": "admin.logentry", "pk": 1, "fields": {"action_time": "2022-06-29T00:05:52.215Z", "user": ["admin"], "content_type": ["sites", "site"], "object_id": "1", "object_repr": "localhost:8000", "action_flag": 2, "change_message": "[{\"changed\": {\"fields\": [\"Domain name\", \"Display name\"]}}]"}}, {"model": "admin.logentry", "pk": 2, "fields": {"action_time": "2022-06-29T13:16:07.091Z", "user": ["admin"], "content_type": ["django_comments_xtd", "xtdcomment"], "object_id": "1", "object_repr": "krepowl: Test comments...", "action_flag": 1, "change_message": "[{\"added\": {}}]"}}, {"model": "wagtailimages.image", "pk": 1, "fields": {"collection": 1, "title": "ubuntu_logo2", "file": "original_images/ubuntu_logo2.jpg", "width": 1108, "height": 1108, "created_at": "2022-06-10T15:26:13.860Z", "uploaded_by_user": ["admin"], "focal_point_x": null, "focal_point_y": null, "focal_point_width": null, "focal_point_height": null, "file_size": 88279, "file_hash": "aeb74da03a6f6eeb2cf3a74aaeb1879e92b64441"}}, {"model": "wagtailimages.image", "pk": 2, "fields": {"collection": 1, "title": "Nice pic", "file": "original_images/IMG_20210730_140921.jpg", "width": 4096, "height": 3072, "created_at": "2022-06-30T14:58:24.509Z", "uploaded_by_user": ["admin"], "focal_point_x": 2065, "focal_point_y": 1994, "focal_point_width": 3312, "focal_point_height": 1715, "file_size": 4377597, "file_hash": "2ecc2a47ccffe156f66fe2901e80f964537cc933"}}, {"model": "wagtailimages.image", "pk": 3, "fields": {"collection": 1, "title": "IMG_20210730_140936", "file": "original_images/IMG_20210730_140936.jpg", "width": 4096, "height": 3072, "created_at": "2022-07-03T02:53:22.208Z", "uploaded_by_user": ["admin"], "focal_point_x": null, "focal_point_y": null, "focal_point_width": null, "focal_point_height": null, "file_size": 4470384, "file_hash": "f97c4ec372174051b2cfe696cc9270584d3a8f28"}}, {"model": "wagtailimages.image", "pk": 4, "fields": {"collection": 1, "title": "postcard2", "file": "original_images/postcard2.jpg", "width": 1183, "height": 786, "created_at": "2022-07-03T02:55:47.084Z", "uploaded_by_user": ["admin"], "focal_point_x": null, "focal_point_y": null, "focal_point_width": null, "focal_point_height": null, "file_size": 368176, "file_hash": "9c2f213abb0e836b19e54149f188df9d244df484"}}, {"model": "wagtailimages.image", "pk": 5, "fields": {"collection": 1, "title": "postcard6", "file": "original_images/postcard6.jpg", "width": 1233, "height": 842, "created_at": "2022-07-03T02:58:57.363Z", "uploaded_by_user": ["admin"], "focal_point_x": null, "focal_point_y": null, "focal_point_width": null, "focal_point_height": null, "file_size": 392893, "file_hash": "19d0d29a72d0d9e92f1a203ad49f08c8f4a9ebbc"}}, {"model": "wagtailusers.userprofile", "pk": 1, "fields": {"user": ["admin"], "submitted_notifications": true, "approved_notifications": true, "rejected_notifications": true, "updated_comments_notifications": true, "preferred_language": "", "current_time_zone": "", "avatar": ""}}, {"model": "django_comments.commentflag", "pk": 1, "fields": {"user": ["admin"], "comment": 9, "flag": "moderator deletion", "flag_date": "2022-06-30T13:17:38.722Z"}}, {"model": "django_comments.commentflag", "pk": 2, "fields": {"user": ["admin"], "comment": 6, "flag": "moderator deletion", "flag_date": "2022-06-30T13:27:45.298Z"}}, {"model": "django_comments.comment", "pk": 1, "fields": {"content_type": ["django_comments_xtd", "xtdcomment"], "object_pk": "1", "site": ["localhost:8000"], "user": ["krepowl"], "user_name": "", "user_email": "", "user_url": "", "comment": "Test comments", "submit_date": "2022-06-29T13:16:02Z", "ip_address": null, "is_public": true, "is_removed": false}}, {"model": "django_comments.comment", "pk": 2, "fields": {"content_type": ["blog", "blogpage"], "object_pk": "7", "site": ["localhost:8000"], "user": ["admin"], "user_name": "Kreppo Aldrew", "user_email": "krepow@skandel.com", "user_url": "", "comment": "This is my tiny comment.", "submit_date": "2022-06-29T13:27:21.354Z", "ip_address": "127.0.0.1", "is_public": true, "is_removed": false}}, {"model": "django_comments.comment", "pk": 3, "fields": {"content_type": ["blog", "blogpage"], "object_pk": "7", "site": ["localhost:8000"], "user": ["admin"], "user_name": "Kreppo Aldrew", "user_email": "krepow@skandel.com", "user_url": "", "comment": "Oh, nice, i like it.", "submit_date": "2022-06-29T13:34:20.227Z", "ip_address": "127.0.0.1", "is_public": true, "is_removed": false}}, {"model": "django_comments.comment", "pk": 4, "fields": {"content_type": ["blog", "blogpage"], "object_pk": "7", "site": ["localhost:8000"], "user": ["admin"], "user_name": "Kreppo Aldrew", "user_email": "krepow@skandel.com", "user_url": "", "comment": "Gandon.", "submit_date": "2022-06-29T13:35:37.460Z", "ip_address": "127.0.0.1", "is_public": true, "is_removed": false}}, {"model": "django_comments.comment", "pk": 5, "fields": {"content_type": ["blog", "blogpage"], "object_pk": "7", "site": ["localhost:8000"], "user": null, "user_name": "Piska", "user_email": "sequence@myrealm.ca", "user_url": "", "comment": "So does this post come with an image?", "submit_date": "2022-06-29T13:36:47.819Z", "ip_address": "127.0.0.1", "is_public": true, "is_removed": false}}, {"model": "django_comments.comment", "pk": 6, "fields": {"content_type": ["blog", "blogpage"], "object_pk": "6", "site": ["localhost:8000"], "user": ["admin"], "user_name": "Kreppo Aldrew", "user_email": "krepow@skandel.com", "user_url": "", "comment": "My comment cherepshak.", "submit_date": "2022-06-29T13:48:21.907Z", "ip_address": "127.0.0.1", "is_public": true, "is_removed": true}}, {"model": "django_comments.comment", "pk": 7, "fields": {"content_type": ["blog", "blogpage"], "object_pk": "6", "site": ["localhost:8000"], "user": ["admin"], "user_name": "Kreppo Aldrew", "user_email": "krepow@skandel.com", "user_url": "", "comment": "Mine follows appp.", "submit_date": "2022-06-29T13:48:33.875Z", "ip_address": "127.0.0.1", "is_public": false, "is_removed": false}}, {"model": "django_comments.comment", "pk": 8, "fields": {"content_type": ["blog", "blogpage"], "object_pk": "6", "site": ["localhost:8000"], "user": ["admin"], "user_name": "Kreppo Aldrew", "user_email": "krepow@skandel.com", "user_url": "", "comment": "222", "submit_date": "2022-06-30T12:49:06.518Z", "ip_address": "127.0.0.1", "is_public": false, "is_removed": false}}, {"model": "django_comments.comment", "pk": 9, "fields": {"content_type": ["blog", "blogpage"], "object_pk": "6", "site": ["localhost:8000"], "user": ["admin"], "user_name": "Kreppo Aldrew", "user_email": "krepow@skandel.com", "user_url": "", "comment": "Test", "submit_date": "2022-06-30T12:52:45.170Z", "ip_address": "127.0.0.1", "is_public": false, "is_removed": true}}, {"model": "django_comments.comment", "pk": 10, "fields": {"content_type": ["blog", "blogpage"], "object_pk": "7", "site": ["localhost:8000"], "user": ["admin"], "user_name": "Kreppo Aldrew", "user_email": "krepow@skandel.com", "user_url": "", "comment": "I think so.", "submit_date": "2022-06-30T12:58:37.506Z", "ip_address": "127.0.0.1", "is_public": true, "is_removed": false}}, {"model": "django_comments.comment", "pk": 11, "fields": {"content_type": ["blog", "blogpage"], "object_pk": "7", "site": ["localhost:8000"], "user": ["admin"], "user_name": "Kreppo Aldrew", "user_email": "krepow@skandel.com", "user_url": "", "comment": "OK", "submit_date": "2022-06-30T13:10:23.502Z", "ip_address": "127.0.0.1", "is_public": true, "is_removed": false}}, {"model": "django_comments.comment", "pk": 12, "fields": {"content_type": ["blog", "blogpage"], "object_pk": "6", "site": ["localhost:8000"], "user": ["admin"], "user_name": "Kreppo Aldrew", "user_email": "krepow@skandel.com", "user_url": "", "comment": "Oh know.", "submit_date": "2022-06-30T13:27:24.533Z", "ip_address": "127.0.0.1", "is_public": false, "is_removed": false}}, {"model": "django_comments.comment", "pk": 13, "fields": {"content_type": ["blog", "blogpage"], "object_pk": "6", "site": ["localhost:8000"], "user": ["admin"], "user_name": "Kreppo Aldrew", "user_email": "krepow@skandel.com", "user_url": "", "comment": "OH hello.", "submit_date": "2022-06-30T13:27:36.133Z", "ip_address": "127.0.0.1", "is_public": true, "is_removed": false}}, {"model": "django_comments.comment", "pk": 14, "fields": {"content_type": ["blog", "blogpage"], "object_pk": "11", "site": ["localhost:8000"], "user": ["admin"], "user_name": "Kreppo Aldrew", "user_email": "krepow@skandel.com", "user_url": "", "comment": "Nice shit you posted.", "submit_date": "2022-06-30T14:56:40.581Z", "ip_address": "127.0.0.1", "is_public": true, "is_removed": false}}, {"model": "django_comments.comment", "pk": 15, "fields": {"content_type": ["blog", "blogpage"], "object_pk": "11", "site": ["localhost:8000"], "user": ["admin"], "user_name": "Kreppo Aldrew", "user_email": "krepow@skandel.com", "user_url": "", "comment": "I tend to agree.", "submit_date": "2022-07-03T16:23:18.091Z", "ip_address": "127.0.0.1", "is_public": true, "is_removed": false}}, {"model": "django_comments.comment", "pk": 16, "fields": {"content_type": ["blog", "blogpage"], "object_pk": "11", "site": ["localhost:8000"], "user": ["admin"], "user_name": "Kreppo Aldrew", "user_email": "krepow@skandel.com", "user_url": "", "comment": "Sriracha is a sauce.", "submit_date": "2022-07-03T16:51:56.253Z", "ip_address": "127.0.0.1", "is_public": true, "is_removed": false}}, {"model": "django_comments_xtd.xtdcomment", "pk": 1, "fields": {"thread_id": 1, "parent_id": 1, "level": 0, "order": 1, "followup": false, "nested_count": 0}}, {"model": "django_comments_xtd.xtdcomment", "pk": 2, "fields": {"thread_id": 2, "parent_id": 2, "level": 0, "order": 1, "followup": false, "nested_count": 5}}, {"model": "django_comments_xtd.xtdcomment", "pk": 3, "fields": {"thread_id": 2, "parent_id": 2, "level": 1, "order": 2, "followup": true, "nested_count": 1}}, {"model": "django_comments_xtd.xtdcomment", "pk": 4, "fields": {"thread_id": 2, "parent_id": 3, "level": 2, "order": 3, "followup": false, "nested_count": 0}}, {"model": "django_comments_xtd.xtdcomment", "pk": 5, "fields": {"thread_id": 2, "parent_id": 2, "level": 1, "order": 4, "followup": true, "nested_count": 2}}, {"model": "django_comments_xtd.xtdcomment", "pk": 6, "fields": {"thread_id": 6, "parent_id": 6, "level": 0, "order": 1, "followup": true, "nested_count": 4}}, {"model": "django_comments_xtd.xtdcomment", "pk": 7, "fields": {"thread_id": 6, "parent_id": 6, "level": 1, "order": 2, "followup": false, "nested_count": 0}}, {"model": "django_comments_xtd.xtdcomment", "pk": 8, "fields": {"thread_id": 6, "parent_id": 6, "level": 1, "order": 3, "followup": false, "nested_count": 0}}, {"model": "django_comments_xtd.xtdcomment", "pk": 9, "fields": {"thread_id": 6, "parent_id": 6, "level": 1, "order": 4, "followup": false, "nested_count": 0}}, {"model": "django_comments_xtd.xtdcomment", "pk": 10, "fields": {"thread_id": 2, "parent_id": 5, "level": 2, "order": 5, "followup": false, "nested_count": 0}}, {"model": "django_comments_xtd.xtdcomment", "pk": 11, "fields": {"thread_id": 2, "parent_id": 5, "level": 2, "order": 6, "followup": false, "nested_count": 0}}, {"model": "django_comments_xtd.xtdcomment", "pk": 12, "fields": {"thread_id": 6, "parent_id": 6, "level": 1, "order": 5, "followup": false, "nested_count": 0}}, {"model": "django_comments_xtd.xtdcomment", "pk": 13, "fields": {"thread_id": 13, "parent_id": 13, "level": 0, "order": 1, "followup": true, "nested_count": 0}}, {"model": "django_comments_xtd.xtdcomment", "pk": 14, "fields": {"thread_id": 14, "parent_id": 14, "level": 0, "order": 1, "followup": true, "nested_count": 2}}, {"model": "django_comments_xtd.xtdcomment", "pk": 15, "fields": {"thread_id": 14, "parent_id": 14, "level": 1, "order": 2, "followup": false, "nested_count": 1}}, {"model": "django_comments_xtd.xtdcomment", "pk": 16, "fields": {"thread_id": 14, "parent_id": 15, "level": 2, "order": 3, "followup": false, "nested_count": 0}}, {"model": "hitcount.hit", "pk": 1, "fields": {"created": "2022-07-07T11:37:20.189Z", "ip": "127.0.0.1", "session": "8l9h5mo2hui5jy2l2geble1n36kl4xw1", "user_agent": "Mozilla/5.0 (X11; Ubuntu; Linux x86_64; rv:102.0) Gecko/20100101 Firefox/102.0", "user": ["admin"], "hitcount": 1}}, {"model": "hitcount.hit", "pk": 2, "fields": {"created": "2022-07-07T13:40:41.461Z", "ip": "127.0.0.1", "session": "8l9h5mo2hui5jy2l2geble1n36kl4xw1", "user_agent": "Mozilla/5.0 (X11; Ubuntu; Linux x86_64; rv:102.0) Gecko/20100101 Firefox/102.0", "user": ["admin"], "hitcount": 2}}, {"model": "blog.blogtagindexpage", "pk": 10, "fields": {}}, {"model": "blog.blogpage", "pk": 5, "fields": {"date": "2022-06-10", "author": null, "intro": "Let's see what the page looks like.", "body": "<p data-block-key=\"i0pt0\">Here&#x27;s what it looks like. Not bad, eh?</p>", "allow_comments": true, "categories": []}}, {"model": "blog.blogpage", "pk": 6, "fields": {"date": "2022-06-10", "author": null, "intro": "Another one", "body": "<p data-block-key=\"dh1b2\">To see what it looks like with more blog posts.</p>", "allow_comments": true, "categories": [1, 2]}}, {"model": "blog.blogpage", "pk": 7, "fields": {"date": "2022-06-10", "author": ["admin"], "intro": "Added an image here.", "body": "", "allow_comments": true, "categories": [2]}}, {"model": "blog.blogpage", "pk": 11, "fields": {"date": "2022-06-30", "author": ["krepowldw"], "intro": "Being a user, I use. This is nice.", "body": "<p data-block-key=\"oeny8\">Plain and simple. No? Anyway I want to write a longer post here just to test the layout. Oops.Plain and simple. No? Anyway I want to write a longer post here just to test the layout. Oops.Plain and simple. No? Anyway I want to write a longer post here just to test the layout. Oops.Plain and simple. No? Anyway I want to write a longer post here just to test the layout. Oops.Plain and simple. No? Anyway I want to write a longer post here just to test the layout. Oops.Plain and simple. No? Anyway I want to write a longer post here just to test the layout. Oops.Plain and simple. No?<br/><br/>Anyway, here goes one picture:<br/><a id=\"3\" linktype=\"page\"> </a></p><p data-block-key=\"fskif\"><a id=\"3\" linktype=\"page\">And here&#x27;s another one, of Halifax , N.S.</a></p><embed alt=\"\" embedtype=\"image\" format=\"left\" id=\"4\"/><p data-block-key=\"7fr4t\">Anyway I want to write a longer post here just to test the layout. Oops.Plain and simple. No? Anyway I want to write a longer post here just to test the layout. Oops.Plain and simple. No? Anyway I want to write a longer post here just to test the layout. Oops.Plain and simple. No? Anyway I want to write a longer post here just to test the layout. Oops.Plain and simple. No? Anyway I want to write a longer post here just to test the layout. Oops.Plain and simple. No? Anyway I want to write a longer post here just to test the layout. Oops.Plain and simple. No? Anyway I want to write a longer post here just to test the layout. Oops.Plain and simple. No? Anyway I want to write a longer post here just to test the layout. Oops.Plain and simple. No? Anyway I want to write a longer post here just to test the layout. Oops.Plain and simple. No? Anyway I want to write a longer post here just to test the layout. Oops.Plain and simple. No? Anyway I want to write a longer post here just to test the layout. Oops.Plain and simple. No? Anyway I want to write a longer post here just to test the layout. Oops.</p>", "allow_comments": true, "categories": [1, 2]}}, {"model": "blog.blogindexpage", "pk": 4, "fields": {"intro": "<p data-block-key=\"u2oiv\">Hello and welcome.</p>"}}, {"model": "home.homepage", "pk": 3, "fields": {"body": "<p data-block-key=\"afxli\">Welcome to the Reflets blog!</p><p data-block-key=\"7hq6c\">Choose some stuff here and read on...<br/></p><p data-block-key=\"9dt27\"><b>Paragraph</b></p><embed alt=\"ubuntu_logo2\" embedtype=\"image\" format=\"left\" id=\"1\"/><p data-block-key=\"8snfe\"></p>"}}]